Workbook

Sheet Proyecto
B2: LESTRAL CONSTRUCTORA · CON ELECTROMECÁNICA DEL PACÍFICO (EMP)
B3: 01 Proyecto — EMP Suite HVAC · LoadCalc
B4: Réplica en Excel nativo del motor de carga térmica · rev 2.9.7 (15-sep-2026) · solo módulo LoadCalc
B5: Método Carrier/HAP-style: DET por orientación y barrido horario 8–18h · excluye cuartos limpios, ventilación, ductos, selección de equipo y demás disciplinas.
B7: LEYENDA
B8: Captura (editable) | C8: Fórmula (no editar) | D8: Enlace a otra hoja
B10: DATOS DEL PROYECTO
B11: Proyecto | C11: Proyecto sin nombre
B12: Cliente
B13: Ubicación | C13: Tijuana, B.C.
B14: Ingeniero responsable | C14: Ing. Rodrigo Nuñez Loubet
B15: Fecha | C15: =TODAY() -> 46282
B16: Motor de origen (informativo) | C16: SuiteEmp rev 2.9.7 · LoadCalc (Carrier/HAP-style)
B18: SITIO — CONDICIONES EXTERIORES DE DISEÑO
B19: Sitio | C19: Tijuana | D19: Tijuana / Tecate / Mexicali / Ensenada / Personalizado
B20: Si Personalizado — Temp. bulbo seco ext. (°C) | C20: 35
B21: Si Personalizado — Temp. bulbo húmedo ext. (°C) | C21: 24
B22: Si Personalizado — Altitud (m) | C22: 0
B23: Si Personalizado — Rango diario de temperatura (K) | C23: 11
B25: → DB exterior resuelto (°C) | C25: =IF($C$19="Personalizado",$c$c20,INDEX(Referencia!$D$5:$D$8,MATCH($C$19,Referencia!$B$5:$B$8,0))) -> 35
B26: → WB exterior resuelto (°C) | C26: =IF($C$19="Personalizado",$c$c21,INDEX(Referencia!$E$5:$E$8,MATCH($C$19,Referencia!$B$5:$B$8,0))) -> 24
B27: → Altitud resuelta (m) | C27: =IF($C$19="Personalizado",$c$c22,INDEX(Referencia!$F$5:$F$8,MATCH($C$19,Referencia!$B$5:$B$8,0))) -> 0
B28: → Rango diario resuelto (K) | C28: =IF($C$19="Personalizado",$c$c23,INDEX(Referencia!$G$5:$G$8,MATCH($C$19,Referencia!$B$5:$B$8,0))) -> 11
B29: → Presión atmosférica (kPa) [ASHRAE Fund. cap.1 ec.3] | C29: =101.325*(1-0.0000225577*MAX(0,$C$27))^5.2559 -> 101.325
B30: → Razón de presión (pAtm / 101.325) | C30: =$C$29/101.325 -> 1
B31: → Factor de aire sensible qs (0.34 × razón) | C31: =0.34*$C$30 -> 0.34
B32: → Factor de aire latente ql (0.83 × razón) | C32: =0.83*$C$30 -> 0.83
B34: CONDICIONES INTERIORES Y CONSTANTES DEL MÉTODO
B35: Temp. interior de diseño (°C) | C35: 24
B36: HR interior de diseño (%) | C36: 0.5
B37: Latitud de referencia (°N) | C37: 32
B38: Diversidad de edificio (0.5 – 1.0) | C38: 1
B39: Margen de seguridad (constante) | C39: 0.02
B40: Coeficiente de color/absorción de fachada (b) | C40: 0.78
B41: ΔT de suministro de aire fijo (°C) | C41: 11
B42: Calor de ventilador (% del sensible de espacio) | C42: 0.026
B43: Ganancia en ductos no acondicionados (%) | C43: 0.03
B44: Ganancia sensible por persona (W) | C44: 70
B45: Ganancia latente por persona (W) | C45: 45
B46: OA mínimo por persona (m³/h) — Tabla 45 | C46: 30
... B48: Conversión W por TR | C48: 3517
B50: PARTICIONES Y PISO (proxy de zonas adyacentes no capturadas)
B51: U partición adyacente (W/m²K) | C51: 1.5
B52: Fracción de área en partición | C52: 0.12
B53: U piso sobre no acondicionado (W/m²K) | C53: 0.8
B54: Fracción de área de piso expuesto (si techo = 0) | C54: 0.1
B57: LESTRAL · EMP | D57: Hoja 1 de 5

Sheet Captura_Zonas
B2: LESTRAL CONSTRUCTORA · EMP · ENVOLVENTE POR ZONA — MATERIALES POR MENÚ DESPLEGABLE
B3: 02 Captura de zonas — LoadCalc
B4: Una fila por zona (hasta 10). Todos los inputs numéricos nacen en blanco — captura tu proyecto real; los catálogos (material, espacio, iluminación) traen una selección por omisión editable. Las 8 orientaciones nacen con la zona (rev 2.9.2).
B5: Zona | C5: Área (m²) | D5: Altura (m) | E5: Tipo de espacio | F5: Horas de operación | G5: Material de muro | H5: Muro N (m²) | I5: Muro NE (m²) | J5: Muro E (m²) | K5: Muro SE (m²) | L5: Muro S (m²) | M5: Muro SW (m²) | N5: Muro W (m²) | O5: Muro NW (m²) | P5: Área de techo/ cubierta (m²) | Q5: Material de techo | R5: Material de vidrio | S5: Vidrio N (m²) | T5: Vidrio NE (m²) | U5: Vidrio E (m²) | V5: Vidrio SE (m²) | W5: Vidrio S (m²) | X5: Vidrio SW (m²) | Y5: Vidrio W (m²) | Z5: Vidrio NW (m²) | AA5: Ocupantes (pers) | AB5: Iluminación instalada (W) | AC5: Tipo de iluminación | AD5: Equipo/fuerza instalado (W) | AE5: Infiltración (cambios/h) | AF5: Plafón de retorno | AG5: Oscilación diaria de diseño (°C) | AH5: Notas | AI5: Estado | AJ5: TR pico | AK5: kW pico | AL5: Hora pico
B6: Zona 1 | E6: Oficina | F6: 16 | G6: Block ligero 20 cm + panel 25 mm [DEFAULT] | Q6: Losa hormigón + XPS 50 mm [DEFAULT] | R6: Doble vidrio claro (DGU/termopan) [DEFAULT] | AC6: LED | AF6: Auto | AI6: =IF(C6<=0,"Sin área",IF(SUM(H6:O6)+SUM(S6:Z6)<=0,"Sin envolvente","Completa")) -> Sin área | AJ6: =Calculo!D72 -> 0 | AK6: =Calculo!D73 -> 0 | AL6: =Calculo!D69 -> 8
B7: Zona 2 | E7: Oficina | F7: 16 | G7: Block ligero 20 cm + panel 25 mm [DEFAULT] | Q7: Losa hormigón + XPS 50 mm [DEFAULT] | R7: Doble vidrio claro (DGU/termopan) [DEFAULT] | AC7: LED | AF7: Auto | AI7: =IF(C7<=0,"Sin área",IF(SUM(H7:O7)+SUM(S7:Z7)<=0,"Sin envolvente","Completa")) -> Sin área | AJ7: =Calculo!D144 -> 0 | AK7: =Calculo!D145 -> 0 | AL7: =Calculo!D141 -> 8
B8: Zona 3 | E8: Oficina | F8: 16 | G8: Block ligero 20 cm + panel 25 mm [DEFAULT] | Q8: Losa hormigón + XPS 50 mm [DEFAULT] | R8: Doble vidrio claro (DGU/termopan) [DEFAULT] | AC8: LED | AF8: Auto | AI8: =IF(C8<=0,"Sin área",IF(SUM(H8:O8)+SUM(S8:Z8)<=0,"Sin envolvente","Completa")) -> Sin área | AJ8: =Calculo!D216 -> 0 | AK8: =Calculo!D217 -> 0 | AL8: =Calculo!D213 -> 8
B9: Zona 4 | E9: Oficina | F9: 16 | G9: Block ligero 20 cm + panel 25 mm [DEFAULT] | Q9: Losa hormigón + XPS 50 mm [DEFAULT] | R9: Doble vidrio claro (DGU/termopan) [DEFAULT] | AC9: LED | AF9: Auto | AI9: =IF(C9<=0,"Sin área",IF(SUM(H9:O9)+SUM(S9:Z9)<=0,"Sin envolvente","Completa")) -> Sin área | AJ9: =Calculo!D288 -> 0 | AK9: =Calculo!D289 -> 0 | AL9: =Calculo!D285 -> 8
B10: Zona 5 | E10: Oficina | F10: 16 | G10: Block ligero 20 cm + panel 25 mm [DEFAULT] | Q10: Losa hormigón + XPS 50 mm [DEFAULT] | R10: Doble vidrio claro (DGU/termopan) [DEFAULT] | AC10: LED | AF10: Auto | AI10: =IF(C10<=0,"Sin área",IF(SUM(H10:O10)+SUM(S10:Z10)<=0,"Sin envolvente","Completa")) -> Sin área | AJ10: =Calculo!D360 -> 0 | AK10: =Calculo!D361 -> 0 | AL10: =Calculo!D357 -> 8
B11: Zona 6 | E11: Oficina | F11: 16 | G11: Block ligero 20 cm + panel 25 mm [DEFAULT] | Q11: Losa hormigón + XPS 50 mm [DEFAULT] | R11: Doble vidrio claro (DGU/termopan) [DEFAULT] | AC11: LED | AF11: Auto | AI11: =IF(C11<=0,"Sin área",IF(SUM(H11:O11)+SUM(S11:Z11)<=0,"Sin envolvente","Completa")) -> Sin área | AJ11: =Calculo!D432 -> 0 | AK11: =Calculo!D433 -> 0 | AL11: =Calculo!D429 -> 8
B12: Zona 7 | E12: Oficina | F12: 16 | G12: Block ligero 20 cm + panel 25 mm [DEFAULT] | Q12: Losa hormigón + XPS 50 mm [DEFAULT] | R12: Doble vidrio claro (DGU/termopan) [DEFAULT] | AC12: LED | AF12: Auto | AI12: =IF(C12<=0,"Sin área",IF(SUM(H12:O12)+SUM(S12:Z12)<=0,"Sin envolvente","Completa")) -> Sin área | AJ12: =Calculo!D504 -> 0 | AK12: =Calculo!D505 -> 0 | AL12: =Calculo!D501 -> 8
B13: Zona 8 | E13: Oficina | F13: 16 | G13: Block ligero 20 cm + panel 25 mm [DEFAULT] | Q13: Losa hormigón + XPS 50 mm [DEFAULT] | R13: Doble vidrio claro (DGU/termopan) [DEFAULT] | AC13: LED | AF13: Auto | AI13: =IF(C13<=0,"Sin área",IF(SUM(H13:O13)+SUM(S13:Z13)<=0,"Sin envolvente","Completa")) -> Sin área | AJ13: =Calculo!D576 -> 0 | AK13: =Calculo!D577 -> 0 | AL13: =Calculo!D573 -> 8
B14: Zona 9 | E14: Oficina | F14: 16 | G14: Block ligero 20 cm + panel 25 mm [DEFAULT] | Q14: Losa hormigón + XPS 50 mm [DEFAULT] | R14: Doble vidrio claro (DGU/termopan) [DEFAULT] | AC14: LED | AF14: Auto | AI14: =IF(C14<=0,"Sin área",IF(SUM(H14:O14)+SUM(S14:Z14)<=0,"Sin envolvente","Completa")) -> Sin área | AJ14: =Calculo!D648 -> 0 | AK14: =Calculo!D649 -> 0 | AL14: =Calculo!D645 -> 8
B15: Zona 10 | E15: Oficina | F15: 16 | G15: Block ligero 20 cm + panel 25 mm [DEFAULT] | Q15: Losa hormigón + XPS 50 mm [DEFAULT] | R15: Doble vidrio claro (DGU/termopan) [DEFAULT] | AC15: LED | AF15: Auto | AI15: =IF(C15<=0,"Sin área",IF(SUM(H15:O15)+SUM(S15:Z15)<=0,"Sin envolvente","Completa")) -> Sin área | AJ15: =Calculo!D720 -> 0 | AK15: =Calculo!D721 -> 0 | AL15: =Calculo!D717 -> 8
B18: LESTRAL · EMP | C18: LoadCalc rev 2.9.7 · EMP Suite HVAC / Lestral Constructora — uso interno | AL18: Hoja 2 de 5

Sheet Calculo
C2: LESTRAL CONSTRUCTORA · EMP · FÓRMULAS NATIVAS Y AUDITABLES — SIN MACROS
C3: 03 Cálculo — barrido horario de carga térmica por zona
C4: Toda celda es fórmula nativa trazable a Proyecto / Referencia / Captura_Zonas. La hora pico de cada zona se halla por barrido, no se asume fija (motor Carrier/HAP-style, 8–18h solar).
C5: =Captura_Zonas!B6 -> Zona 1
C6: Área (m²) | D6: =Captura_Zonas!C6 -> 0
C7: Altura (m) | D7: =MAX(0.1,Captura_Zonas!D6) -> 0.1
C8: Volumen (m³) | D8: =D6*D7 -> 0
C9: Tipo de espacio | D9: =Captura_Zonas!E6 -> Oficina
C10: Horas de operación | D10: =Captura_Zonas!F6 -> 16
C11: Rp (L/s·persona) | D11: =INDEX(Referencia!$C$79:$C$88,MATCH(D9,Referencia!$B$79:$B$88,0)) -> 2.5
C12: Ra (L/s·m²) | D12: =INDEX(Referencia!$D$79:$D$88,MATCH(D9,Referencia!$B$79:$B$88,0)) -> 0.3
C13: Diversidad personas | D13: =INDEX(Referencia!$E$79:$E$88,MATCH(D9,Referencia!$B$79:$B$88,0)) -> 0.9
C14: Diversidad luces | D14: =INDEX(Referencia!$F$79:$F$88,MATCH(D9,Referencia!$B$79:$B$88,0)) -> 0.95
C15: Diversidad equipo | D15: =INDEX(Referencia!$G$79:$G$88,MATCH(D9,Referencia!$B$79:$B$88,0)) -> 0.9
C16: K muro (W/m²K) | D16: =INDEX(Referencia!$C$15:$C$43,MATCH(Captura_Zonas!G6,Referencia!$B$15:$B$43,0)) -> 0.849
C17: Peso muro (kg/m²) | D17: =INDEX(Referencia!$D$15:$D$43,MATCH(Captura_Zonas!G6,Referencia!$B$15:$B$43,0)) -> 176
C18: K techo (W/m²K) | D18: =INDEX(Referencia!$C$47:$C$60,MATCH(Captura_Zonas!Q6,Referencia!$B$47:$B$60,0)) -> 0.55
C19: Peso techo (kg/m²) | D19: =INDEX(Referencia!$D$47:$D$60,MATCH(Captura_Zonas!Q6,Referencia!$B$47:$B$60,0)) -> 320
C20: K vidrio (W/m²K) | D20: =INDEX(Referencia!$C$64:$C$75,MATCH(Captura_Zonas!R6,Referencia!$B$64:$B$75,0)) -> 2.8
C21: SHGC vidrio | D21: =INDEX(Referencia!$E$64:$E$75,MATCH(Captura_Zonas!R6,Referencia!$B$64:$B$75,0)) -> 0.7
C22: Masa constructiva wFloor (kg/m² piso) | D22: =IF(D6>0,((Captura_Zonas!H6+Captura_Zonas!I6+Captura_Zonas!J6+Captura_Zonas!K6+Captura_Zonas!L6+Captura_Zonas!M6+Captura_Zonas!N6+Captura_Zonas!O6)*D17+Captura_Zonas!P6*D19+(Captura_Zonas!S6+Captura_Zonas!T6+Captura_Zonas!U6+Captura_Zonas!V6+Captura_Zonas!W6+Captura_Zonas!X6+Captura_Zonas!Y6+Captura_Zonas!Z6)*25)/D6,200) -> 200
C23: Clase de masa | D23: =IF(D22<150,"Ligera",IF(D22<350,"Media","Pesada")) -> Media
C24: Oscilación diaria de diseño (°C) | D24: =MAX(0,Captura_Zonas!AG6) -> 0
C25: Factor de oscilación swingF | D25: =IF(D24<=0,1,MAX(0.75,1-D24*IF(D23="Pesada",0.04,IF(D23="Media",0.03,0.02))*2.5)) -> 1
C26: Almacenamiento solar | D26: =INDEX(Referencia!$C$92:$E$94,MATCH(D10,Referencia!$B$92:$B$94,0),MATCH(D23,{"Ligera","Media","Pesada"},0))*D25 -> 0.66
C27: Almacenamiento luces | D27: =INDEX(Referencia!$C$98:$E$100,MATCH(D10,Referencia!$B$98:$B$100,0),MATCH(D23,{"Ligera","Media","Pesada"},0))*D25 -> 0.7
C28: Almacenamiento personas | D28: =INDEX(Referencia!$C$104:$C$106,MATCH(D10,Referencia!$B$104:$B$106,0)) -> 0.9
C29: Almacenamiento equipo | D29: =INDEX(Referencia!$D$104:$D$106,MATCH(D10,Referencia!$B$104:$B$106,0)) -> 0.9
C30: Multiplicador de iluminación | D30: =IF(Captura_Zonas!AC6="Fluorescente",1.2,1) -> 1
C31: ¿Plafón de retorno? | D31: =IF(Captura_Zonas!AF6="Auto",D7>=3.5,Captura_Zonas!AF6="Sí") -> FALSE
C32: Estratificación (strat) | D32: =IF(D7<=3.2,1,IF(AND(D31,D7>=4),0.7,IF(D7>=5,0.75,IF(D7>=4,0.85,0.92)))) -> 1
C33: Ocupantes (número) | D33: =MAX(0,ROUND(Captura_Zonas!AA6,0)) -> 0
C34: Ocupantes — sensible (W) | D34: =D33*Proyecto!$C$44*D28*D13*Proyecto!$C$38 -> 0
C35: Ocupantes — latente (W) | D35: =D33*Proyecto!$C$45*D13*Proyecto!$C$38 -> 0
C36: Iluminación (W, constante) | D36: =MAX(0,Captura_Zonas!AB6)*D30*D27*D14*Proyecto!$C$38*D32 -> 0
C37: Equipos/fuerza (W, constante) | D37: =MAX(0,Captura_Zonas!AD6)*D29*D15*Proyecto!$C$38 -> 0
C38: Flujo de infiltración (m³/h) | D38: =D8*MAX(0,Captura_Zonas!AE6) -> 0
C39: OA — ASHRAE 62.1 (m³/h) | D39: =(D11*D33+D12*D6)*3.6 -> 0
C40: OA — por persona Tab.45 (m³/h) | D40: =D33*Proyecto!$C$46 -> 0
C41: OA — por área Tab.45 (m³/h) | D41: =D6*Proyecto!$C$47 -> 0
C42: OA de diseño — máx (m³/h) | D42: =MAX(D39,D40,D41,0) -> 0
C43: Infiltración — latente (W, constante) | D43: =D38*Proyecto!$C$32*Referencia!$C$179 -> 0
C44: OA — latente (W, constante) | D44: =D42*Proyecto!$C$32*Referencia!$C$179 -> 0
C45: Bruto latente (W) | D45: =D35+D43 -> 0
C46: Margen de seguridad — latente (W) | D46: =D45*Proyecto!$C$39 -> 0
C47: Espacio — latente (W) | D47: =D45+D46 -> 0
C48: GRAN TOTAL LATENTE (W, constante) | D48: =D47+D44 -> 0
C50: Hora solar → | D50: =Referencia!C$132 -> 8 | E50: =Referencia!D$132 -> 9 | F50: =Referencia!E$132 -> 10 | G50: =Referencia!F$132 -> 11 | H50: =Referencia!G$132 -> 12 | I50: =Referencia!H$132 -> 13 | J50: =Referencia!I$132 -> 14 | K50: =Referencia!J$132 -> 15 | ... N50: =Referencia!M$132 -> 18
C51: Muro — sensible (W) | D51: =D16*SUMPRODUCT(Captura_Zonas!$H$6:$O$6,Referencia!$C$158:$J$158) -> 0 | E51: =D16*SUMPRODUCT(Captura_Zonas!$H$6:$O$6,Referencia!$C$159:$J$159) -> 0 | F51: =D16*SUMPRODUCT(Captura_Zonas!$H$6:$O$6,Referencia!$C$160:$J$160) -> 0 | G51: =D16*SUMPRODUCT(Captura_Zonas!$H$6:$O$6,Referencia!$C$161:$J$161) -> 0 | H51: =D16*SUMPRODUCT(Captura_Zonas!$H$6:$O$6,Referencia!$C$162:$J$162) -> 0 | I51: =D16*SUMPRODUCT(Captura_Zonas!$H$6:$O$6,Referencia!$C$163:$J$163) -> 0 | J51: =D16*SUMPRODUCT(Captura_Zonas!$H$6:$O$6,Referencia!$C$164:$J$164) -> 0 | K51: =D16*SUMPRODUCT(Captura_Zonas!$H$6:$O$6,Referencia!$C$165:$J$165) -> 0 | L51: =D16*SUMPRODUCT(Captura_Zonas!$H$6:$O$6,Referencia!$C$166:$J$166) -> 0 | M51: =D16*SUMPRODUCT(Captura_Zonas!$H$6:$O$6,Referencia!$C$167:$J$167) -> 0 | N51: =D16*SUMPRODUCT(Captura_Zonas!$H$6:$O$6,Referencia!$C$168:$J$168) -> 0
C52: Techo/cubierta — sensible (W) | D52: =D18*Captura_Zonas!P6*Referencia!C$171 -> 0 | E52: =D18*Captura_Zonas!P6*Referencia!D$171 -> 0 | F52: =D18*Captura_Zonas!P6*Referencia!E$171 -> 0 | G52: =D18*Captura_Zonas!P6*Referencia!F$171 -> 0 | H52: =D18*Captura_Zonas!P6*Referencia!G$171 -> 0 | I52: =D18*Captura_Zonas!P6*Referencia!H$171 -> 0 | J52: =D18*Captura_Zonas!P6*Referencia!I$171 -> 0 | K52: =D18*Captura_Zonas!P6*Referencia!J$171 -> 0 | L52: =D18*Captura_Zonas!P6*Referencia!K$171 -> 0 | M52: =D18*Captura_Zonas!P6*Referencia!L$171 -> 0 | N52: =D18*Captura_Zonas!P6*Referencia!M$171 -> 0
C53: Vidrio — transmisión (W) | D53: =D20*(Captura_Zonas!S6+Captura_Zonas!T6+Captura_Zonas!U6+Captura_Zonas!V6+Captura_Zonas!W6+Captura_Zonas!X6+Captura_Zonas!Y6+Captura_Zonas!Z6)*Referencia!C$139 -> 0 | E53: =D20*(Captura_Zonas!S6+Captura_Zonas!T6+Captura_Zonas!U6+Captura_Zonas!V6+Captura_Zonas!W6+Captura_Zonas!X6+Captura_Zonas!Y6+Captura_Zonas!Z6)*Referencia!D$139 -> 0 | F53: =D20*(Captura_Zonas!S6+Captura_Zonas!T6+Captura_Zonas!U6+Captura_Zonas!V6+Captura_Zonas!W6+Captura_Zonas!X6+Captura_Zonas!Y6+Captura_Zonas!Z6)*Referencia!E$139 -> 0 | G53: =D20*(Captura_Zonas!S6+Captura_Zonas!T6+Captura_Zonas!U6+Captura_Zonas!V6+Captura_Zonas!W6+Captura_Zonas!X6+Captura_Zonas!Y6+Captura_Zonas!Z6)*Referencia!F$139 -> 0 | H53: =D20*(Captura_Zonas!S6+Captura_Zonas!T6+Captura_Zonas!U6+Captura_Zonas!V6+Captura_Zonas!W6+Captura_Zonas!X6+Captura_Zonas!Y6+Captura_Zonas!Z6)*Referencia!G$139 -> 0 | I53: =D20*(Captura_Zonas!S6+Captura_Zonas!T6+Captura_Zonas!U6+Captura_Zonas!V6+Captura_Zonas!W6+Captura_Zonas!X6+Captura_Zonas!Y6+Captura_Zonas!Z6)*Referencia!H$139 -> 0 | J53: =D20*(Captura_Zonas!S6+Captura_Zonas!T6+Captura_Zonas!U6+Captura_Zonas!V6+Captura_Zonas!W6+Captura_Zonas!X6+Captura_Zonas!Y6+Captura_Zonas!Z6)*Referencia!I$139 -> 0 | K53: =D20*(Captura_Zonas!S6+Captura_Zonas!T6+Captura_Zonas!U6+Captura_Zonas!V6+Captura_Zonas!W6+Captura_Zonas!X6+Captura_Zonas!Y6+Captura_Zonas!Z6)*Referencia!J$139 -> 0 | L53: =D20*(Captura_Zonas!S6+Captura_Zonas!T6+Captura_Zonas!U6+Captura_Zonas!V6+Captura_Zonas!W6+Captura_Zonas!X6+Captura_Zonas!Y6+Captura_Zonas!Z6)*Referencia!K$139 -> 0 | M53: =D20*(Captura_Zonas!S6+Captura_Zonas!T6+Captura_Zonas!U6+Captura_Zonas!V6+Captura_Zonas!W6+Captura_Zonas!X6+Captura_Zonas!Y6+Captura_Zonas!Z6)*Referencia!L$139 -> 0 | N53: =D20*(Captura_Zonas!S6+Captura_Zonas!T6+Captura_Zonas!U6+Captura_Zonas!V6+Captura_Zonas!W6+Captura_Zonas!X6+Captura_Zonas!Y6+Captura_Zonas!Z6)*Referencia!M$139 -> 0
C54: Vidrio — insolación (W) | D54: =D21*D26*SUMPRODUCT(Captura_Zonas!$S$6:$Z$6,Referencia!$C$111:$J$111,Referencia!$C$119:$J$119) -> 0 | E54: =D21*D26*SUMPRODUCT(Captura_Zonas!$S$6:$Z$6,Referencia!$C$111:$J$111,Referencia!$C$120:$J$120) -> 0 | F54: =D21*D26*SUMPRODUCT(Captura_Zonas!$S$6:$Z$6,Referencia!$C$111:$J$111,Referencia!$C$121:$J$121) -> 0 | G54: =D21*D26*SUMPRODUCT(Captura_Zonas!$S$6:$Z$6,Referencia!$C$111:$J$111,Referencia!$C$122:$J$122) -> 0 | H54: =D21*D26*SUMPRODUCT(Captura_Zonas!$S$6:$Z$6,Referencia!$C$111:$J$111,Referencia!$C$123:$J$123) -> 0 | I54: =D21*D26*SUMPRODUCT(Captura_Zonas!$S$6:$Z$6,Referencia!$C$111:$J$111,Referencia!$C$124:$J$124) -> 0 | J54: =D21*D26*SUMPRODUCT(Captura_Zonas!$S$6:$Z$6,Referencia!$C$111:$J$111,Referencia!$C$125:$J$125) -> 0 | K54: =D21*D26*SUMPRODUCT(Captura_Zonas!$S$6:$Z$6,Referencia!$C$111:$J$111,Referencia!$C$126:$J$126) -> 0 | L54: =D21*D26*SUMPRODUCT(Captura_Zonas!$S$6:$Z$6,Referencia!$C$111:$J$111,Referencia!$C$127:$J$127) -> 0 | M54: =D21*D26*SUMPRODUCT(Captura_Zonas!$S$6:$Z$6,Referencia!$C$111:$J$111,Referencia!$C$128:$J$128) -> 0 | N54: =D21*D26*SUMPRODUCT(Captura_Zonas!$S$6:$Z$6,Referencia!$C$111:$J$111,Referencia!$C$129:$J$129) -> 0
C55: Particiones adyacentes (W) | D55: =D6*Proyecto!$C$52*Proyecto!$C$51*MAX(3,Referencia!C$139*0.35) -> 0 | E55: =D6*Proyecto!$C$52*Proyecto!$C$51*MAX(3,Referencia!D$139*0.35) -> 0 | F55: =D6*Proyecto!$C$52*Proyecto!$C$51*MAX(3,Referencia!E$139*0.35) -> 0 | G55: =D6*Proyecto!$C$52*Proyecto!$C$51*MAX(3,Referencia!F$139*0.35) -> 0 | H55: =D6*Proyecto!$C$52*Proyecto!$C$51*MAX(3,Referencia!G$139*0.35) -> 0 | I55: =D6*Proyecto!$C$52*Proyecto!$C$51*MAX(3,Referencia!H$139*0.35) -> 0 | J55: =D6*Proyecto!$C$52*Proyecto!$C$51*MAX(3,Referencia!I$139*0.35) -> 0 | K55: =D6*Proyecto!$C$52*Proyecto!$C$51*MAX(3,Referencia!J$139*0.35) -> 0 | L55: =D6*Proyecto!$C$52*Proyecto!$C$51*MAX(3,Referencia!K$139*0.35) -> 0 | M55: =D6*Proyecto!$C$52*Proyecto!$C$51*MAX(3,Referencia!L$139*0.35) -> 0 | N55: =D6*Proyecto!$C$52*Proyecto!$C$51*MAX(3,Referencia!M$139*0.35) -> 0
C56: Piso sobre no acond. (W) | D56: =IF(Captura_Zonas!P6<=0,D6*Proyecto!$C$54*Proyecto!$C$53*MAX(2,Referencia!C$139*0.25),0) -> 0 | E56: =IF(Captura_Zonas!P6<=0,D6*Proyecto!$C$54*Proyecto!$C$53*MAX(2,Referencia!D$139*0.25),0) -> 0 | F56: =IF(Captura_Zonas!P6<=0,D6*Proyecto!$C$54*Proyecto!$C$53*MAX(2,Referencia!E$139*0.25),0) -> 0 | G56: =IF(Captura_Zonas!P6<=0,D6*Proyecto!$C$54*Proyecto!$C$53*MAX(2,Referencia!F$139*0.25),0) -> 0 | H56: =IF(Captura_Zonas!P6<=0,D6*Proyecto!$C$54*Proyecto!$C$53*MAX(2,Referencia!G$139*0.25),0) -> 0 | I56: =IF(Captura_Zonas!P6<=0,D6*Proyecto!$C$54*Proyecto!$C$53*MAX(2,Referencia!H$139*0.25),0) -> 0 | J56: =IF(Captura_Zonas!P6<=0,D6*Proyecto!$C$54*Proyecto!$C$53*MAX(2,Referencia!I$139*0.25),0) -> 0 | K56: =IF(Captura_Zonas!P6<=0,D6*Proyecto!$C$54*Proyecto!$C$53*MAX(2,Referencia!J$139*0.25),0) -> 0 | L56: =IF(Captura_Zonas!P6<=0,D6*Proyecto!$C$54*Proyecto!$C$53*MAX(2,Referencia!K$139*0.25),0) -> 0 | M56: =IF(Captura_Zonas!P6<=0,D6*Proyecto!$C$54*Proyecto!$C$53*MAX(2,Referencia!L$139*0.25),0) -> 0 | N56: =IF(Captura_Zonas!P6<=0,D6*Proyecto!$C$54*Proyecto!$C$53*MAX(2,Referencia!M$139*0.25),0) -> 0
C57: Infiltración — sensible (W) | D57: =D38*Proyecto!$C$31*Referencia!C$139 -> 0 | E57: =D38*Proyecto!$C$31*Referencia!D$139 -> 0 | F57: =D38*Proyecto!$C$31*Referencia!E$139 -> 0 | G57: =D38*Proyecto!$C$31*Referencia!F$139 -> 0 | H57: =D38*Proyecto!$C$31*Referencia!G$139 -> 0 | I57: =D38*Proyecto!$C$31*Referencia!H$139 -> 0 | J57: =D38*Proyecto!$C$31*Referencia!I$139 -> 0 | K57: =D38*Proyecto!$C$31*Referencia!J$139 -> 0 | L57: =D38*Proyecto!$C$31*Referencia!K$139 -> 0 | M57: =D38*Proyecto!$C$31*Referencia!L$139 -> 0 | N57: =D38*Proyecto!$C$31*Referencia!M$139 -> 0
C58: OA — sensible (W) | D58: =D42*Proyecto!$C$31*Referencia!C$139 -> 0 | E58: =D42*Proyecto!$C$31*Referencia!D$139 -> 0 | F58: =D42*Proyecto!$C$31*Referencia!E$139 -> 0 | G58: =D42*Proyecto!$C$31*Referencia!F$139 -> 0 | H58: =D42*Proyecto!$C$31*Referencia!G$139 -> 0 | I58: =D42*Proyecto!$C$31*Referencia!H$139 -> 0 | J58: =D42*Proyecto!$C$31*Referencia!I$139 -> 0 | K58: =D42*Proyecto!$C$31*Referencia!J$139 -> 0 | L58: =D42*Proyecto!$C$31*Referencia!K$139 -> 0 | M58: =D42*Proyecto!$C$31*Referencia!L$139 -> 0 | N58: =D42*Proyecto!$C$31*Referencia!M$139 -> 0
C59: Bruto sensible (W) | D59: =D51+D52+D53+D54+D55+D56+$D$34+$D$36+$D$37+D57 -> 0 | E59: =E51+E52+E53+E54+E55+E56+$D$34+$D$36+$D$37+E57 -> 0 | F59: =F51+F52+F53+F54+F55+F56+$D$34+$D$36+$D$37+F57 -> 0 | G59: =G51+G52+G53+G54+G55+G56+$D$34+$D$36+$D$37+G57 -> 0 | H59: =H51+H52+H53+H54+H55+H56+$D$34+$D$36+$D$37+H57 -> 0 | I59: =I51+I52+I53+I54+I55+I56+$D$34+$D$36+$D$37+I57 -> 0 | J59: =J51+J52+J53+J54+J55+J56+$D$34+$D$36+$D$37+J57 -> 0 | K59: =K51+K52+K53+K54+K55+K56+$D$34+$D$36+$D$37+K57 -> 0 | ... N59: =N51+N52+N53+N54+N55+N56+$D$34+$D$36+$D$37+N57 -> 0
C60: Calor de ventilador (W) | D60: =D59*Proyecto!$C$42 -> 0 | E60: =E59*Proyecto!$C$42 -> 0 | F60: =F59*Proyecto!$C$42 -> 0 | G60: =G59*Proyecto!$C$42 -> 0 | H60: =H59*Proyecto!$C$42 -> 0 | I60: =I59*Proyecto!$C$42 -> 0 | J60: =J59*Proyecto!$C$42 -> 0 | K60: =K59*Proyecto!$C$42 -> 0 | ... N60: =N59*Proyecto!$C$42 -> 0
C61: Ganancia en ductos (W) | D61: =D59*Proyecto!$C$43 -> 0 | E61: =E59*Proyecto!$C$43 -> 0 | F61: =F59*Proyecto!$C$43 -> 0 | G61: =G59*Proyecto!$C$43 -> 0 | H61: =H59*Proyecto!$C$43 -> 0 | I61: =I59*Proyecto!$C$43 -> 0 | J61: =J59*Proyecto!$C$43 -> 0 | K61: =K59*Proyecto!$C$43 -> 0 | ... N61: =N59*Proyecto!$C$43 -> 0
C62: Margen de seguridad — sensible (W) | D62: =(D59+D60+D61)*Proyecto!$C$39 -> 0 | E62: =(E59+E60+E61)*Proyecto!$C$39 -> 0 | F62: =(F59+F60+F61)*Proyecto!$C$39 -> 0 | G62: =(G59+G60+G61)*Proyecto!$C$39 -> 0 | H62: =(H59+H60+H61)*Proyecto!$C$39 -> 0 | I62: =(I59+I60+I61)*Proyecto!$C$39 -> 0 | J62: =(J59+J60+J61)*Proyecto!$C$39 -> 0 | K62: =(K59+K60+K61)*Proyecto!$C$39 -> 0 | ... N62: =(N59+N60+N61)*Proyecto!$C$39 -> 0
C63: Espacio — sensible (W) | D63: =D59+D60+D61+D62 -> 0 | E63: =E59+E60+E61+E62 -> 0 | F63: =F59+F60+F61+F62 -> 0 | G63: =G59+G60+G61+G62 -> 0 | H63: =H59+H60+H61+H62 -> 0 | I63: =I59+I60+I61+I62 -> 0 | J63: =J59+J60+J61+J62 -> 0 | K63: =K59+K60+K61+K62 -> 0 | ... N63: =N59+N60+N61+N62 -> 0
C64: Gran total — sensible (W) | D64: =D63+D58 -> 0 | E64: =E63+E58 -> 0 | F64: =F63+F58 -> 0 | G64: =G63+G58 -> 0 | H64: =H63+H58 -> 0 | I64: =I63+I58 -> 0 | J64: =J63+J58 -> 0 | K64: =K63+K58 -> 0 | ... N64: =N63+N58 -> 0
C65: GRAN TOTAL (W) | D65: =D64+$D$48 -> 0 | E65: =E64+$D$48 -> 0 | F65: =F64+$D$48 -> 0 | G65: =G64+$D$48 -> 0 | H65: =H64+$D$48 -> 0 | I65: =I64+$D$48 -> 0 | J65: =J64+$D$48 -> 0 | K65: =K64+$D$48 -> 0 | ... N65: =N64+$D$48 -> 0
C66: Toneladas de refrigeración (TR) | D66: =D65/Proyecto!$C$48 -> 0 | E66: =E65/Proyecto!$C$48 -> 0 | F66: =F65/Proyecto!$C$48 -> 0 | G66: =G65/Proyecto!$C$48 -> 0 | H66: =H65/Proyecto!$C$48 -> 0 | I66: =I65/Proyecto!$C$48 -> 0 | J66: =J65/Proyecto!$C$48 -> 0 | K66: =K65/Proyecto!$C$48 -> 0 | ... N66: =N65/Proyecto!$C$48 -> 0
C68: Pico — GRAN TOTAL (W) | D68: =MAX(D65:N65) -> 0
C69: Hora pico (solar) | D69: =INDEX(D50:N50,MATCH(D68,D65:N65,0)) -> 8
C70: Pico — espacio sensible (W) | D70: =INDEX(D63:N63,MATCH(D68,D65:N65,0)) -> 0
C71: Pico — sensible total (W) | D71: =INDEX(D64:N64,MATCH(D68,D65:N65,0)) -> 0
C72: Pico — TR | D72: =D68/Proyecto!$C$48 -> 0
C73: Pico — kW | D73: =D68/1000 -> 0
C74: Pico — CFM de suministro | D74: =(D70/(Proyecto!$C$31*Proyecto!$C$41))/1.699 -> 0
C77: =Captura_Zonas!B7 -> Zona 2
C78: Área (m²) | D78: =Captura_Zonas!C7 -> 0
C79: Altura (m) | D79: =MAX(0.1,Captura_Zonas!D7) -> 0.1
C80: Volumen (m³) | D80: =D78*D79 -> 0
C81: Tipo de espacio | D81: =Captura_Zonas!E7 -> Oficina
C82: Horas de operación | D82: =Captura_Zonas!F7 -> 16
C83: Rp (L/s·persona) | D83: =INDEX(Referencia!$C$79:$C$88,MATCH(D81,Referencia!$B$79:$B$88,0)) -> 2.5
C84: Ra (L/s·m²) | D84: =INDEX(Referencia!$D$79:$D$88,MATCH(D81,Referencia!$B$79:$B$88,0)) -> 0.3
C85: Diversidad personas | D85: =INDEX(Referencia!$E$79:$E$88,MATCH(D81,Referencia!$B$79:$B$88,0)) -> 0.9
C86: Diversidad luces | D86: =INDEX(Referencia!$F$79:$F$88,MATCH(D81,Referencia!$B$79:$B$88,0)) -> 0.95
C87: Diversidad equipo | D87: =INDEX(Referencia!$G$79:$G$88,MATCH(D81,Referencia!$B$79:$B$88,0)) -> 0.9
C88: K muro (W/m²K) | D88: =INDEX(Referencia!$C$15:$C$43,MATCH(Captura_Zonas!G7,Referencia!$B$15:$B$43,0)) -> 0.849
C89: Peso muro (kg/m²) | D89: =INDEX(Referencia!$D$15:$D$43,MATCH(Captura_Zonas!G7,Referencia!$B$15:$B$43,0)) -> 176
C90: K techo (W/m²K) | D90: =INDEX(Referencia!$C$47:$C$60,MATCH(Captura_Zonas!Q7,Referencia!$B$47:$B$60,0)) -> 0.55
C91: Peso techo (kg/m²) | D91: =INDEX(Referencia!$D$47:$D$60,MATCH(Captura_Zonas!Q7,Referencia!$B$47:$B$60,0)) -> 320
C92: K vidrio (W/m²K) | D92: =INDEX(Referencia!$C$64:$C$75,MATCH(Captura_Zonas!R7,Referencia!$B$64:$B$75,0)) -> 2.8
C93: SHGC vidrio | D93: =INDEX(Referencia!$E$64:$E$75,MATCH(Captura_Zonas!R7,Referencia!$B$64:$B$75,0)) -> 0.7
C94: Masa constructiva wFloor (kg/m² piso) | D94: =IF(D78>0,((Captura_Zonas!H7+Captura_Zonas!I7+Captura_Zonas!J7+Captura_Zonas!K7+Captura_Zonas!L7+Captura_Zonas!M7+Captura_Zonas!N7+Captura_Zonas!O7)*D89+Captura_Zonas!P7*D91+(Captura_Zonas!S7+Captura_Zonas!T7+Captura_Zonas!U7+Captura_Zonas!V7+Captura_Zonas!W7+Captura_Zonas!X7+Captura_Zonas!Y7+Captura_Zonas!Z7)*25)/D78,200) -> 200
C95: Clase de masa | D95: =IF(D94<150,"Ligera",IF(D94<350,"Media","Pesada")) -> Media
C96: Oscilación diaria de diseño (°C) | D96: =MAX(0,Captura_Zonas!AG7) -> 0
C97: Factor de oscilación swingF | D97: =IF(D96<=0,1,MAX(0.75,1-D96*IF(D95="Pesada",0.04,IF(D95="Media",0.03,0.02))*2.5)) -> 1
C98: Almacenamiento solar | D98: =INDEX(Referencia!$C$92:$E$94,MATCH(D82,Referencia!$B$92:$B$94,0),MATCH(D95,{"Ligera","Media","Pesada"},0))*D97 -> 0.66
C99: Almacenamiento luces | D99: =INDEX(Referencia!$C$98:$E$100,MATCH(D82,Referencia!$B$98:$B$100,0),MATCH(D95,{"Ligera","Media","Pesada"},0))*D97 -> 0.7
C100: Almacenamiento personas | D100: =INDEX(Referencia!$C$104:$C$106,MATCH(D82,Referencia!$B$104:$B$106,0)) -> 0.9
C101: Almacenamiento equipo | D101: =INDEX(Referencia!$D$104:$D$106,MATCH(D82,Referencia!$B$104:$B$106,0)) -> 0.9
C102: Multiplicador de iluminación | D102: =IF(Captura_Zonas!AC7="Fluorescente",1.2,1) -> 1
C103: ¿Plafón de retorno? | D103: =IF(Captura_Zonas!AF7="Auto",D79>=3.5,Captura_Zonas!AF7="Sí") -> FALSE
C104: Estratificación (strat) | D104: =IF(D79<=3.2,1,IF(AND(D103,D79>=4),0.7,IF(D79>=5,0.75,IF(D79>=4,0.85,0.92)))) -> 1
C105: Ocupantes (número) | D105: =MAX(0,ROUND(Captura_Zonas!AA7,0)) -> 0
...

Sheet Resultados
B2: LESTRAL CONSTRUCTORA · CON ELECTROMECÁNICA DEL PACÍFICO (EMP) · MEMORIA DE CÁLCULO
B3: 04 Memoria de cálculo — carga térmica LoadCalc
B4: Resumen del proyecto, método y resultados por zona (barrido horario 8–18h). El total es la suma de los picos individuales de zona, no un pico simultáneo de edificio.
B5: DATOS DEL PROYECTO Y MÉTODO
B6: Proyecto | C6: =Proyecto!C11&"" -> Proyecto sin nombre | G6: CAPACIDAD TOTAL DEL PROYECTO
B7: Cliente | C7: =Proyecto!C12&"" | G7: =TEXT(H29,"0.00")&" TR" -> 0.00 TR
B8: Ubicación | C8: =Proyecto!C13&"" -> Tijuana, B.C.
B9: Ingeniero responsable | C9: =Proyecto!C14&"" -> Ing. Rodrigo Nuñez Loubet | G9: =TEXT(G29,"0.00")&" kW totales (sensible + latente)" -> 0.00 kW totales (sensible + latente)
B10: Fecha | C10: =Proyecto!C15 -> 46282 | G10: =TEXT(I29,"#,##0")&" CFM de suministro" -> 0 CFM de suministro
B11: Sitio de diseño | C11: =Proyecto!C19&"" -> Tijuana
B12: Condiciones exteriores (DB / WB / Alt.) | C12: =Proyecto!$C$25&" °C DB · "&Proyecto!$C$26&" °C WB · "&Proyecto!$C$27&" m" -> 35 °C DB · 24 °C WB · 0 m
B13: Método | C13: Carrier/HAP-style · DET por orientación · barrido horario 8–18h (motor LoadCalc rev 2.9.7)
B14: Diversidad de edificio | C14: =Proyecto!$C$38 -> 1
B15: Margen de seguridad aplicado | C15: =Proyecto!$C$39 -> 0.02
B18: Zona | C18: Área (m²) | D18: Hora pico | E18: Sensible (kW) | F18: Latente (kW) | G18: Total (kW) | H18: TR | I18: CFM suministro
B19: =Calculo!C5 -> Zona 1 | C19: =Calculo!D6 -> 0 | D19: =Calculo!D69 -> 8 | E19: =Calculo!D71/1000 -> 0 | F19: =Calculo!D48/1000 -> 0 | G19: =Calculo!D73 -> 0 | H19: =Calculo!D72 -> 0 | I19: =Calculo!D74 -> 0
B20: =Calculo!C77 -> Zona 2 | C20: =Calculo!D78 -> 0 | D20: =Calculo!D141 -> 8 | E20: =Calculo!D143/1000 -> 0 | F20: =Calculo!D120/1000 -> 0 | G20: =Calculo!D145 -> 0 | H20: =Calculo!D144 -> 0 | I20: =Calculo!D146 -> 0
B21: =Calculo!C149 -> Zona 3 | C21: =Calculo!D150 -> 0 | D21: =Calculo!D213 -> 8 | E21: =Calculo!D215/1000 -> 0 | F21: =Calculo!D192/1000 -> 0 | G21: =Calculo!D217 -> 0 | H21: =Calculo!D216 -> 0 | I21: =Calculo!D218 -> 0
B22: =Calculo!C221 -> Zona 4 | C22: =Calculo!D222 -> 0 | D22: =Calculo!D285 -> 8 | E22: =Calculo!D287/1000 -> 0 | F22: =Calculo!D264/1000 -> 0 | G22: =Calculo!D289 -> 0 | H22: =Calculo!D288 -> 0 | I22: =Calculo!D290 -> 0
B23: =Calculo!C293 -> Zona 5 | C23: =Calculo!D294 -> 0 | D23: =Calculo!D357 -> 8 | E23: =Calculo!D359/1000 -> 0 | F23: =Calculo!D336/1000 -> 0 | G23: =Calculo!D361 -> 0 | H23: =Calculo!D360 -> 0 | I23: =Calculo!D362 -> 0
B24: =Calculo!C365 -> Zona 6 | C24: =Calculo!D366 -> 0 | D24: =Calculo!D429 -> 8 | E24: =Calculo!D431/1000 -> 0 | F24: =Calculo!D408/1000 -> 0 | G24: =Calculo!D433 -> 0 | H24: =Calculo!D432 -> 0 | I24: =Calculo!D434 -> 0
B25: =Calculo!C437 -> Zona 7 | C25: =Calculo!D438 -> 0 | D25: =Calculo!D501 -> 8 | E25: =Calculo!D503/1000 -> 0 | F25: =Calculo!D480/1000 -> 0 | G25: =Calculo!D505 -> 0 | H25: =Calculo!D504 -> 0 | I25: =Calculo!D506 -> 0
B26: =Calculo!C509 -> Zona 8 | C26: =Calculo!D510 -> 0 | D26: =Calculo!D573 -> 8 | E26: =Calculo!D575/1000 -> 0 | F26: =Calculo!D552/1000 -> 0 | G26: =Calculo!D577 -> 0 | H26: =Calculo!D576 -> 0 | I26: =Calculo!D578 -> 0
B27: =Calculo!C581 -> Zona 9 | C27: =Calculo!D582 -> 0 | D27: =Calculo!D645 -> 8 | E27: =Calculo!D647/1000 -> 0 | F27: =Calculo!D624/1000 -> 0 | G27: =Calculo!D649 -> 0 | H27: =Calculo!D648 -> 0 | I27: =Calculo!D650 -> 0
B28: =Calculo!C653 -> Zona 10 | C28: =Calculo!D654 -> 0 | D28: =Calculo!D717 -> 8 | E28: =Calculo!D719/1000 -> 0 | F28: =Calculo!D696/1000 -> 0 | G28: =Calculo!D721 -> 0 | H28: =Calculo!D720 -> 0 | I28: =Calculo!D722 -> 0
B29: TOTAL DEL PROYECTO | C29: =SUM(C19:C28) -> 0 | D29: — | E29: =SUM(E19:E28) -> 0 | F29: =SUM(F19:F28) -> 0 | G29: =SUM(G19:G28) -> 0 | H29: =SUM(H19:H28) -> 0 | I29: =SUM(I19:I28) -> 0
B31: Diversidad de edificio aplicada: | C31: =Proyecto!$C$38 -> 1
B32: Margen de seguridad aplicado: | C32: =Proyecto!$C$39 -> 0.02
B34: Nota: el CFM de suministro usa el ΔT fijo de Proyecto (constante histórica HAP.dT), no el punto de rocío del aparato (ADP/SHF/BF) que resuelve el motor completo para selección de equipo — esa etapa queda fuera del alcance de este libro (solo LoadCalc).
B74: LESTRAL · EMP | C74: LoadCalc rev 2.9.7 · EMP Suite HVAC / Lestral Constructora — uso interno | I74: Hoja 4 de 5

Sheet Referencia
B2: LESTRAL CONSTRUCTORA · EMP · CATÁLOGOS Y FACTORES · SOLO CONSULTA
B3: 05 Referencia — tablas del motor LoadCalc rev 2.9.7
B4: Todas las tablas de este libro provienen del código fuente real del motor (constantes RAW/SPACES/SOLAR_ST/SUN_H). Las filas calculadas dependen de Proyecto y se recalculan solas.
B5: SITIOS DE REFERENCIA (SITES)
B6: Clave (dropdown) | C6: Etiqueta | D6: DB ext (°C) | E6: WB ext (°C) | F6: Altitud (m) | G6: Rango diario (K) | H6: Fuente
B7: Tijuana | C7: Tijuana, B.C. (protegido) | D7: 35 | E7: 24 | F7: 0 | G7: 11 | H7: constants.ts · PROTECTED · rango diario 11 K
B8: Tecate | C8: Tecate, B.C. (valle interior) | D8: 40 | E8: 21 | F8: 540 | G8: 16 | H8: supuesto de valle interior · ratificar con fila ASHRAE
B9: Mexicali | C9: Mexicali, B.C. | D9: 46 | E9: 23 | F9: 3 | G9: 17 | H9: referencia de zona desértica · ratificar
B10: Ensenada | C10: Ensenada, B.C. | D10: 30 | E10: 22 | F10: 20 | G10: 8 | H10: referencia costera · ratificar
B13: MATERIALES — MURO (catálogo del motor)
B14: Material | C14: K (W/m²K) | D14: Peso (kg/m²)
B15: Ladrillo macizo 20 cm + enlucido | C15: 2.721 | D15: 435
B16: Ladrillo macizo 30 cm + enlucido | C16: 1.989 | D16: 610
B17: Block hueco 20 cm (arena/grava) | C17: 2.954 | D17: 210
B18: Block 15 cm + aislamiento 25 mm | C18: 0.9 | D18: 160
B19: Hormigón vertido 20 cm | C19: 3.803 | D19: 454
B20: Hormigón 15 cm + XPS 50 mm | C20: 0.55 | D20: 380
B21: Block ligero 20 cm + panel 25 mm [DEFAULT] | C21: 0.849 | D21: 176
B22: Panel sándwich PUR 100 mm | C22: 0.35 | D22: 25
B23: Panel PIR 80 mm | C23: 0.28 | D23: 22
B24: USG Sheetrock + metal stud + R-11 | C24: 0.55 | D24: 28
B25: USG Sheetrock + metal stud + R-13 | C25: 0.45 | D25: 30
B26: USG Sheetrock + stud 150 mm + R-19 | C26: 0.32 | D26: 34
... B43: Tilt-up concreto 20 cm sin aislar | C43: 3.6 | D43: 460
B45: MATERIALES — TECHO / CUBIERTA (catálogo del motor)
B46: Material | C46: K (W/m²K) | D46: Peso (kg/m²)
B47: Losa hormigón + XPS 50 mm [DEFAULT] | C47: 0.55 | D47: 320
B48: Losa hormigón + XPS 100 mm | C48: 0.35 | D48: 330
B49: Cubierta metálica aislada 80 mm | C49: 0.4 | D49: 40
B50: Cubierta panel PIR 100 mm (industrial) | C50: 0.22 | D50: 28
B51: USG cielo + entrepiso + R-30 | C51: 0.28 | D51: 45
B52: USG Sheetrock + ático ventilado R-38 | C52: 0.2 | D52: 40
B53: Teja / loseta + aislamiento 50 mm | C53: 0.65 | D53: 90
B54: Impermeabilizante + lana 75 mm (built-up) | C54: 0.45 | D54: 55
B55: Panel sandwich MgO 50 mm (plafón) | C55: 0.62 | D55: 18
B56: Panel sandwich lana mineral 100 mm (plafón) | C56: 0.42 | D56: 22
B57: Lámina de cubierta con fibra de vidrio 75 mm | C57: 0.52 | D57: 12
B58: Panel sandwich de cubierta PUR 100 mm | C58: 0.23 | D58: 15
... B60: Membrana TPO reflectiva + XPS 75 mm | C60: 0.38 | D60: 25
B62: MATERIALES — VIDRIO (catálogo del motor)
B63: Material | C63: K (W/m²K) | D63: Peso (kg/m²) | E63: SHGC
B64: Vidrio simple 6 mm | C64: 5.8 | D64: 15 | E64: 0.86
B65: Vidrio simple tintado 6 mm | C65: 5.8 | D65: 15 | E65: 0.6
B66: Doble vidrio claro (DGU/termopan) [DEFAULT] | C66: 2.8 | D66: 25 | E66: 0.7
B67: DGU claro + argón 12 mm | C67: 2.4 | D67: 26 | E67: 0.68
B68: DGU low-e control solar | C68: 1.6 | D68: 28 | E68: 0.35
B69: Triple low-e (TGU) | C69: 1.1 | D69: 40 | E69: 0.28
B70: DGU reflectivo solar | C70: 2 | D70: 27 | E70: 0.25
B71: Laminado seguridad 8 mm | C71: 5.2 | D71: 20 | E71: 0.75
B72: Spandrel opaco aislado | C72: 0.8 | D72: 30 | E72: 0.1
B73: DGU control solar Low-E | C73: 1.7 | D73: 25 | E73: 0.27
B74: DGU Low-E argón + cara laminada | C74: 1.4 | D74: 32 | E74: 0.31
B75: Policarbonato celular 16 mm | C75: 2.3 | D75: 3 | E75: 0.52
B77: TIPOS DE ESPACIO (ASHRAE 62.1 Rp/Ra + diversidad, sin cuarto limpio — fuera de alcance)
B78: Tipo de espacio | C78: Rp (L/s·persona) | D78: Ra (L/s·m²) | E78: Div. personas | F78: Div. luces | G78: Div. equipo
B79: Oficina | C79: 2.5 | D79: 0.3 | E79: 0.9 | F79: 0.95 | G79: 0.9
B80: Comercio | C80: 3.8 | D80: 0.6 | E80: 0.85 | F80: 0.9 | G80: 0.85
B81: Aula | C81: 5 | D81: 0.6 | E81: 0.95 | F81: 0.95 | G81: 0.9
B82: Restaurante | C82: 3.8 | D82: 0.9 | E82: 0.8 | F82: 0.95 | G82: 0.9
B83: Vestíbulo | C83: 2.5 | D83: 0.3 | E83: 0.7 | F83: 0.95 | G83: 0.7
B84: Pasillo | C84: 0 | D84: 0.3 | E84: 0.5 | F84: 0.9 | G84: 0.5
B85: Site / datos | C85: 0 | D85: 0.3 | E85: 0.1 | F85: 0.9 | G85: 1
B86: Habitacional | C86: 2.5 | D86: 0.15 | E86: 0.8 | F86: 0.85 | G86: 0.7
B87: Almacén | C87: 2.5 | D87: 0.3 | E87: 0.6 | F87: 0.9 | G87: 0.5
B88: Producción / manufactura | C88: 5 | D88: 0.9 | E88: 0.95 | F88: 1 | G88: 0.85
B90: FACTORES DE ALMACENAMIENTO — SOLAR (por horas de operación / masa constructiva)
B91: Horas de operación | C91: Ligera | D91: Media | E91: Pesada
B92: 12 | C92: 0.72 | D92: 0.58 | E92: 0.48
B93: 16 | C93: 0.8 | D93: 0.66 | E93: 0.55
B94: 24 | C94: 0.88 | D94: 0.78 | E94: 0.7
B96: FACTORES DE ALMACENAMIENTO — LUCES (por horas de operación / masa constructiva)
B97: Horas de operación | C97: Ligera | D97: Media | E97: Pesada
B98: 12 | C98: 0.55 | D98: 0.5 | E98: 0.45
B99: 16 | C99: 0.75 | D99: 0.7 | E99: 0.65
B100: 24 | C100: 1 | D100: 0.95 | E100: 0.9
B102: FACTORES DE ALMACENAMIENTO — PERSONAS Y EQUIPO (por horas de operación)
B103: Horas de operación | C103: Personas | D103: Equipo
B104: 12 | C104: 0.85 | D104: 0.85
B105: 16 | C105: 0.9 | D105: 0.9
B106: 24 | C106: 0.95 | D106: 1
B108: DATOS SOLARES DE PICO POR ORIENTACIÓN (las ocho orientaciones)
B109: Orientación → | C109: N | D109: NE | E109: E | F109: SE | G109: S | H109: SW | I109: W | J109: NW
B110: DET sombra a las 16h (°C) | C110: 7.8 | D110: 7.8 | E110: 7.8 | F110: 8.9 | G110: 14.4 | H110: 25 | I110: 22.2 | J110: 18.3
B111: Insolación pico (W/m²) | C111: 120 | D111: 520 | E111: 650 | F111: 580 | G111: 400 | H111: 620 | I111: 680 | J111: 480
B112: DET pico de fachada (°C) | C112: 9.5 | D112: 14.5 | E112: 18.5 | F112: 17 | G112: 15.5 | H112: 25.5 | I112: 23.5 | J112: 19
B114: DET_SHADE — piso de sombra a las 16h (°C) | C114: 7.8
B115: DET_ROOF_SUN — DET pico de cubierta soleada (°C) | C115: 23.9
B117: SUN_H — PERFIL HORARIO SOLAR POR ORIENTACIÓN (fracción del pico, estimación EMP lat. 32°N)
B118: Hora solar → | C118: N | D118: NE | E118: E | F118: SE | G118: S | H118: SW | I118: W | J118: NW
B119: 8 | C119: 0.42 | D119: 1 | E119: 1 | F119: 0.72 | G119: 0.3 | H119: 0.19 | I119: 0.14 | J119: 0.11
B120: 9 | C120: 0.55 | D120: 0.82 | E120: 0.95 | F120: 0.92 | G120: 0.52 | H120: 0.21 | I120: 0.15 | J120: 0.12
B121: 10 | C121: 0.68 | D121: 0.55 | E121: 0.74 | F121: 1 | G121: 0.76 | H121: 0.25 | I121: 0.16 | J121: 0.13
B122: 11 | C122: 0.8 | D122: 0.28 | E122: 0.44 | F122: 0.93 | G122: 0.93 | H122: 0.43 | I122: 0.18 | J122: 0.15
B123: 12 | C123: 0.88 | D123: 0.16 | E123: 0.21 | F123: 0.7 | G123: 1 | H123: 0.7 | I123: 0.22 | J123: 0.18
B124: 13 | C124: 0.84 | D124: 0.14 | E124: 0.17 | F124: 0.43 | G124: 0.93 | H124: 0.93 | I124: 0.46 | J124: 0.22
B125: 14 | C125: 0.78 | D125: 0.13 | E125: 0.16 | F125: 0.25 | G125: 0.76 | H125: 1 | I125: 0.74 | J125: 0.4
B126: 15 | C126: 0.7 | D126: 0.12 | E126: 0.15 | F126: 0.21 | G126: 0.52 | H126: 0.96 | I126: 0.93 | J126: 0.68
B127: 16 | C127: 0.62 | D127: 0.11 | E127: 0.14 | F127: 0.19 | G127: 0.34 | H127: 0.82 | I127: 1 | J127: 0.92
B128: 17 | C128: 0.55 | D128: 0.1 | E128: 0.12 | F128: 0.16 | G128: 0.22 | H128: 0.55 | I128: 0.86 | J128: 1
B129: 18 | C129: 0.48 | D129: 0.08 | E129: 0.1 | F129: 0.12 | G129: 0.14 | H129: 0.26 | I129: 0.44 | J129: 0.58
...
